<?xml version="1.0" encoding="utf-8"?>
<!-- Building_Data -->
<!-- Author: 57371 -->
<!-- DateCreated: 2/11/2020 8:50:12 PM -->
<!-- 2020年2月12日 1.1更新：新增特色建筑-东厂（未完成） -->
<GameData>
  <Types>
    <Row Type="BUILDING_TREASURE_SHIPYARD" Kind="KIND_BUILDING"/>
  </Types>
  <BuildingReplaces>
    <Row CivUniqueBuildingType="BUILDING_TREASURE_SHIPYARD" ReplacesBuildingType="BUILDING_SHIPYARD"/>
  </BuildingReplaces>
  <Buildings>
    <Row BuildingType="BUILDING_TREASURE_SHIPYARD"
         Name="LOC_BUILDING_TREASURE_SHIPYARD_NAME"
         Description="LOC_BUILDING_TREASURE_SHIPYARD_DESCRIPTION"
         PrereqTech="TECH_MASS_PRODUCTION"
         PrereqDistrict="DISTRICT_HARBOR"
         PurchaseYield="YIELD_GOLD"
         Cost="300"
         AdvisorType="ADVISOR_TECHNOLOGY"
         Maintenance="2"
         CitizenSlots="1"
         TraitType="TRAIT_CIVILIZATION_BUILDING_TREASURE_SHIPYARD"/>
  </Buildings>
  <BuildingPrereqs>
    <Row Building="BUILDING_TREASURE_SHIPYARD" PrereqBuilding="BUILDING_LIGHTHOUSE"/>
  </BuildingPrereqs>
  <Building_YieldChanges>
    <Row BuildingType="BUILDING_TREASURE_SHIPYARD" YieldType="YIELD_PRODUCTION" YieldChange="1"/>
    <Row BuildingType="BUILDING_TREASURE_SHIPYARD" YieldType="YIELD_FOOD" YieldChange="1"/>
  </Building_YieldChanges>
  <Building_GreatPersonPoints>
    <Row BuildingType="BUILDING_TREASURE_SHIPYARD" GreatPersonClassType="GREAT_PERSON_CLASS_ADMIRAL" PointsPerTurn="1"/>
  </Building_GreatPersonPoints>
  <Building_YieldDistrictCopies>
    <Row BuildingType="BUILDING_TREASURE_SHIPYARD" OldYieldType="YIELD_GOLD" NewYieldType="YIELD_PRODUCTION"/>
  </Building_YieldDistrictCopies>
  <BuildingModifiers>
    <Row>
      <BuildingType>BUILDING_TREASURE_SHIPYARD</BuildingType>
      <ModifierId>SHIPYARD_TRAINED_UNIT_XP_MODIFIER</ModifierId>
    </Row>
  </BuildingModifiers>
</GameData>
