<?xml version="1.0" encoding="utf-8"?>
<!-- Leader_Data -->
<!-- Author: 57371 -->
<!-- DateCreated: 2/11/2020 8:49:45 PM -->
<GameData>
  <Types>
    <Row Type="LEADER_ZHUDI" Kind="KIND_LEADER"/>
    <Row Type="TRAIT_AGENDA_ZHUDI" Kind="KIND_TRAIT"/>
    <Row Type="TRAIT_LEADER_ZHUDI_YONGLE" Kind="KIND_TRAIT"/>
    <Row Type="TRAIT_CIVILIZATION_UNIT_TREASURE_SHIP" Kind="KIND_TRAIT"/>
    <Row Type="TRAIT_CIVILIZATION_BUILDING_TREASURE_SHIPYARD" Kind="KIND_TRAIT"/>
  </Types>

  <Leaders>
    <Row LeaderType="LEADER_ZHUDI" Name="LOC_LEADER_ZHUDI_NAME" InheritFrom="LEADER_DEFAULT" Sex="Male" SceneLayers="4"/>
  </Leaders>

  <Traits>
    <Row TraitType="TRAIT_LEADER_ZHUDI_YONGLE" Name="LOC_TRAIT_LEADER_ZHUDI_YONGLE_NAME" Description="LOC_TRAIT_LEADER_ZHUDI_YONGLE_DESCRIPTION"/>
    <Row TraitType="TRAIT_CIVILIZATION_UNIT_TREASURE_SHIP" Name="TRAIT_CIVILIZATION_UNIT_TREASURE_SHIP_NAME"/>
    <Row TraitType="TRAIT_CIVILIZATION_BUILDING_TREASURE_SHIPYARD" Name="TRAIT_CIVILIZATION_BUILDING_TREASURE_SHIPYARD_NAME"/>
  </Traits>

  <LeaderTraits>
    <Row LeaderType="LEADER_ZHUDI" TraitType="TRAIT_LEADER_ZHUDI_YONGLE"/>
    <Row LeaderType="LEADER_ZHUDI" TraitType="TRAIT_CIVILIZATION_UNIT_TREASURE_SHIP"/>
    <Row LeaderType="LEADER_ZHUDI" TraitType="TRAIT_CIVILIZATION_BUILDING_TREASURE_SHIPYARD"/>
  </LeaderTraits>

  <!--宗教倾向-道教-->
  <FavoredReligions>
    <Row LeaderType="LEADER_ZHUDI" ReligionType="RELIGION_TAOISM"/>
  </FavoredReligions>

  <LoadingInfo>
    <Row LeaderType="LEADER_ZHUDI"  ForegroundImage="IMG_DIPLOMACY_LEADER_ZHUDI"
         BackgroundImage="DEPLOMACY_BACKGROUND" PlayDawnOfManAudio="1" LeaderText="LOC_LOADING_INFO_LEADER_ZHUDI"/>
  </LoadingInfo>

  <CivilizationLeaders>
    <Row CivilizationType="CIVILIZATION_CHINA" LeaderType="LEADER_ZHUDI" CapitalName="LOC_CITY_NAME_BEIJING"/>
  </CivilizationLeaders>

  <DiplomacyInfo>
    <Row Type="LEADER_ZHUDI" BackgroundImage="DEPLOMACY_BACKGROUND"/>
  </DiplomacyInfo>

</GameData>
