<?xml version="1.0" encoding="utf-8"?>
<!-- Text -->
<!-- Author: 57371 -->
<!-- DateCreated: 2/11/2020 8:51:07 PM -->
<GameData>
  <LocalizedText>
    <!--LEADERS-->
    <Row Tag="LOC_LEADER_ZHUDI_NAME" Language="zh_Hans_CN">
      <Text>朱棣</Text>
    </Row>
    <Row Tag="LOC_TRAIT_LEADER_ZHUDI_YONGLE_NAME" Language="zh_Hans_CN">
      <Text>永乐大帝</Text>
    </Row>
    <Row Tag="LOC_TRAIT_LEADER_ZHUDI_YONGLE_DESCRIPTION" Language="zh_Hans_CN">
      <Text>朱棣作为领袖时，每个巨作增加额外+2 [ICON_Culture] 文化值。每个海上国际商路获得+1 [ICON_Envoy] 使者和 [ICON_Gold] 金币。
      </Text>
    </Row>
    <Row Tag="LOC_TRAIT_AGENDA_CRESADE_MGL_FIVE_DESCRIPTION" Language="zh_Hans_CN">
      <Text>对蒙古的不满+999</Text>
    </Row>
    <Row Tag="LOC_LOADING_INFO_LEADER_ZHUDI" Language="zh_Hans_CN">
      <Text>明成祖朱棣，永乐大帝，您靖难登极后，励精图治，延续洪武政策。政治上，改革官制机构，设置内阁和东厂；军事上，五次亲征蒙古，收复安南，东北设立奴儿干都司，西北设置哈密卫，西南设置大古刺、底马撒、底兀刺等宣慰使司和贵州承宣布政使司，拓展和维护华夏版图的完整；委派郑和下西洋，加强中外友好往来和南海地区的经营；编修《永乐大典》，疏浚大运河，迁都北京。统治期间，经济繁荣，国力强盛，文治武功很大提升。
      </Text>
    </Row>
    <!--UNITS-->
    <Row Tag="LOC_UNIT_TREASURE_SHIP_NAME" Language="zh_Hans_CN">
      <Text>宝船</Text>
    </Row>
    <Row Tag="LOC_UNIT_TREASURE_SHIP_DESCRIPTION" Language="zh_Hans_CN">
      <Text>中世纪海军远程单位。15世纪世界上最大的木质帆船，巨大的体现能够承受更多的攻击，防御时+10 [ICON_Strength] 战斗力。</Text>
    </Row>
    <Row Tag="LOC_ABILITY_TREASURE_SHIP_NAME" Language="zh_Hans_CN">
      <Text>巨舰</Text>
    </Row>
    <Row Tag="LOC_ABILITY_TREASURE_SHIP_DESCRIPTION" Language="zh_Hans_CN">
      <Text>防御时+10 [ICON_Strength] 战斗力。</Text>
    </Row>
    <!--BUILDINGS-->
    <Row Tag="LOC_BUILDING_TREASURE_SHIPYARD_NAME" Language="zh_Hans_CN">
      <Text>宝船厂</Text>
    </Row>
    <Row Tag="LOC_BUILDING_TREASURE_SHIPYARD_DESCRIPTION" Language="zh_Hans_CN">
      <Text>生产宝船的造船厂，额外+1 [ICON_Production] 生产力和 [ICON_Gold] 金币。</Text>
    </Row>
  </LocalizedText>
</GameData>
